job_id,pn
327263,PN003
330241,PN003
342947,PN003
333302,PN003
337544,PN003
341683,PN003
325017,PN003
325015,PN003
325002,PN003
325004,PN003
325009,PN003
325013,PN003
330244,PN003
333298,PN003
333304,PN003
333305,PN003
327267,PN003
337526,PN003
337538,PN003
337551,PN003
341685,PN003
342945,PN003
342951,PN003
341681,PN003
342954,PN003
341676,PN003
342949,PN003
333303,PN003
337547,PN003
341684,PN003
330240,PN003
330243,PN003
330245,PN003
330246,PN003
325011,PN003
333307,PN003
327261,PN003
327265,PN003
327269,PN003
327271,PN003
337529,PN003
341677,PN003
342956,PN003
325008,PN003
342943,PN003
342946,PN003
333297,PN003
333300,PN003
337534,PN003
337541,PN003
341680,PN003
341682,PN003
330235,PN003
330238,PN003
330239,PN003
342939,PN003
325006,PN003
325007,PN003
333310,PN003
327254,PN003
327258,PN003
327260,PN003
337531,PN003
341678,PN003
333312,PN003
330236,PN003
342941,PN003
327256,PN003
337533,PN003
341679,PN003
316388,PN003
316387,PN003
316392,PN003
316391,PN003
316394,PN003
316386,PN003
316385,PN003
316393,PN003
316389,PN003
316390,PN003
